Musica,Artista,Tom,Andamento,Tags
A Casa é Sua,Casa Worship,G,Lento,adoracao mulheres culto de louvor
Eu Só Quero Tua Presença,Theo Rubia,C,Lento,adoracao mulheres
Simplesmente Te Adorar,Eyshila,G,Lento,adoracao culto de louvor
Tua Presença,Paulo Neto,C,Medio,adoracao culto de louvor
Rendido Estou,Aline Barros,A,Lento,adoracao apelo varoes jovens culto de louvor
Renova-me,Voz da Verdade,D,Lento,adoracao apelo mulheres
Espírito Santo,Fernanda Brum,G,Lento,adoracao mulheres culto de louvor
Amigo Espírito Santo,Cassiane,C,Lento,adoracao mulheres culto de louvor
Meu Alvo é o Céu,Colo de Deus,E,Lento,adoracao mulheres
Meu Milagre,Jozyanne,D,Medio,adoracao mulheres jovens
Fidelidade,Anderson Freire,C,Lento,adoracao santidade varoes mulheres
Fiel a Mim,Eyshila,G,Lento,adoracao santidade varoes
Esse é o Meu Deus,Esther Fiaux,A,Lento,adoracao santidade
Te Adorarei,Fernandinho,E,Medio,adoracao jovens culto de louvor
Deus do Secreto,Sarando a Terra,C,Lento,adoracao
Pai Eu Confiarei,Bruna Karla,A,Lento,adoracao apelo santa ceia varoes mulheres
Vaso de Alabastro,Mara Lima,E,Lento,adoracao santa ceia mulheres
Nada Pode Calar um Adorador,Eyshila,G,Rapido,louvor agitados jovens culto de louvor
Com Muito Louvor,Cassiane,G,Rapido,louvor agitados jovens
A Alegria Virá,Midian Lima,D,Rapido,louvor agitados jovens
Algo Novo,Kemuel,A,Rapido,louvor agitados jovens
Bondade de Deus,Isaías Saad,G,Medio,louvor
Grande é o Senhor,Adhemar,A,Rapido,louvor congregacional varoes culto de louvor
Grandioso És Tu,Harpa,G,Medio,louvor congregacional varoes culto de louvor
Deus é Deus,Delino Marçal,C,Medio,louvor congregacional culto de louvor
Cordeiro e Leão,Central 3,E,Rapido,louvor culto de louvor
Luz do Mundo,Wesley Santos,G,Medio,louvor missoes jovens
Eu Te Vejo em Tudo,Casa Worship,A,Rapido,louvor agitados jovens
Ele Vem,Coral Kemuel,E,Rapido,louvor missoes agitados jovens
Pelo Fogo,Voices,C,Rapido,louvor agitados jovens
Casa de Bênção,Eyshila,G,Medio,louvor
Cadeias Quebrar,Soraya Moraes,D,Rapido,louvor agitados jovens
Deus de Promessas,Davi Sacer,A,Medio,congregacional varoes
Deus do Impossível,Toque no Altar,A,Medio,congregacional varoes
Planos de Deus,Preto no Branco,C,Medio,congregacional missoes varoes
Caminho no Deserto,Soraya Moraes,A,Medio,congregacional
Nada Tenho Falta,Jéssica Augusto,G,Medio,congregacional mulheres
Que Ele Cresça,Deigma Marques,C,Medio,congregacional missoes varoes
O Céu Tem Mais,Valesca Mayssa,A,Medio,congregacional
Tremendo é Santo,Shirley Carvalhaes,G,Medio,congregacional
Vitorioso És,Gabriel Guedes,D,Rapido,louvor congregacional agitados
Pai Nosso,Pedras Vivas,C,Medio,congregacional
Pra Sempre (João 20),Fernandinho,E,Rapido,congregacional
Profetizando as Nações,Fernanda Brum,C,Medio,missoes
Deus Sara Essa Nação,Fernanda Brum,G,Lento,missoes
O Novo de Deus,Aline Barros,A,Medio,missoes jovens
Crescimento,Anderson Freire,C,Medio,missoes varoes
Nunca Pare de Lutar,Ludmila Ferber,G,Medio,apelo varoes jovens
Vai Passar,Eliane Fernandes,A,Medio,apelo mulheres
Tudo é Perda,Felipe Rodrigues,E,Medio,apelo varoes
Romanos 8:26,Fernanda Brum,A,Lento,apelo
Mais Firme do Que Nunca,Cassiane,G,Medio,apelo jovens
O Lugar,Pr. Lucas,C,Lento,apelo varoes
Quebrantado Coração,Fernanda Brum,E,Lento,apelo mulheres
Santidade,Aline Barros,A,Lento,santidade varoes culto de louvor
Santo Lugar,Mara Lima,C,Lento,santidade varoes culto de louvor
Só Tu És Santo,Morada,A,Lento,santidade culto de louvor
Tua Graça Me Basta,Toque no Altar,G,Lento,santidade
Seu Sangue,Fernandinho,A,Lento,santa ceia mulheres
Oferta Agradável,Cassiane,C,Lento,santa ceia mulheres
Rosto de Cristo,Harpa,G,Lento,santa ceia
Foi na Cruz,Harpa,A,Lento,santa ceia
Nada Além do Sangue,Fernandinho,C,Lento,santa ceia
